﻿<?xml version="1.0" encoding="utf-8"?>
<root Version="v2.0.0">
  <Common ShowPackageView="False" ShowEditorAlias="False" UniqueBundleName="False" />
  <Package PackageName="DefaultPackage" PackageDesc="" AutoAddressable="True" LocationToLower="False" IncludeAssetGUID="False" IgnoreDefaultType="True">
    <Group GroupActiveRule="EnableGroup" GroupName="battle" GroupDesc="战斗" AssetTags="">
      <Collector CollectPath="Assets/Samples/Space Shooter/GameRes/Effect" CollectGUID="80d76514758554baaa96a9efffe9f3ef" CollectType="MainAssetCollector" AddressRule="AddressByFileName" PackRule="PackDirectory" FilterRule="CollectAll" UserData="" AssetTags="" />
      <Collector CollectPath="Assets/Samples/Space Shooter/GameRes/Entity" CollectGUID="4d7c84745db8e884f8020a8c5356e67c" CollectType="MainAssetCollector" AddressRule="AddressByFileName" PackRule="PackDirectory" FilterRule="CollectAll" UserData="" AssetTags="" />
      <Collector CollectPath="Assets/Samples/Space Shooter/GameRes/Audio" CollectGUID="306075fbe00b24251b6c889984a7a7d5" CollectType="MainAssetCollector" AddressRule="AddressByFileName" PackRule="PackDirectory" FilterRule="CollectAll" UserData="" AssetTags="" />
    </Group>
    <Group GroupActiveRule="EnableGroup" GroupName="shader" GroupDesc="着色器" AssetTags="">
      <Collector CollectPath="Assets/Samples/Space Shooter/GameArt/ShaderVariants" CollectGUID="00781758c26692e40a9634ddeac838be" CollectType="MainAssetCollector" AddressRule="AddressByFileName" PackRule="PackShaderVariants" FilterRule="CollectShaderVariants" UserData="" AssetTags="" />
    </Group>
    <Group GroupActiveRule="EnableGroup" GroupName="scene" GroupDesc="场景" AssetTags="">
      <Collector CollectPath="Assets/Samples/Space Shooter/GameRes/Scene" CollectGUID="6070eae1192f2994887f2983a177d503" CollectType="MainAssetCollector" AddressRule="AddressByFileName" PackRule="PackSeparately" FilterRule="CollectAll" UserData="" AssetTags="" />
    </Group>
    <Group GroupActiveRule="EnableGroup" GroupName="ugui" GroupDesc="面板" AssetTags="">
      <Collector CollectPath="Assets/Samples/Space Shooter/GameRes/UIImage" CollectGUID="30c57db62bb02a24590e7046d3a9e33a" CollectType="MainAssetCollector" AddressRule="AddressByFileName" PackRule="PackDirectory" FilterRule="CollectAll" UserData="" AssetTags="" />
      <Collector CollectPath="Assets/Samples/Space Shooter/GameRes/UIPanel" CollectGUID="12d33f33f3a55224c9c747d7bffa1c68" CollectType="MainAssetCollector" AddressRule="AddressByFileName" PackRule="PackSeparately" FilterRule="CollectAll" UserData="" AssetTags="" />
      <Collector CollectPath="Assets/Samples/Space Shooter/GameRes/UISprite" CollectGUID="01865ad6f7c806147b6cb37f2d83bc96" CollectType="MainAssetCollector" AddressRule="AddressByFileName" PackRule="PackTopDirectory" FilterRule="CollectAll" UserData="" AssetTags="" />
    </Group>
  </Package>
</root>